varname,count,sum,mean,stddev
Counter,200,99.3779,0.496889,0.0594226
Failed,0,0,nan,0
CounterB_main,50,23.7031,0.474062,0.0515381
CounterB_LOne,50,23.3977,0.467954,0.0803305
CounterB_LTwo,50,24.0085,0.480171,0.0692291
CounterC_main,50,24.0329,0.480659,0.0553526
CounterC_LOne,50,23.1166,0.462332,0.0776667
CounterC_LTwo,50,24.9492,0.498985,0.0906923
CounterJ_main,50,23.4005,0.46801,0.0609517
CounterJ_LOne,50,23.5016,0.470032,0.0887464
CounterJ_LTwo,50,23.2994,0.465988,0.0803117
CounterK_main,50,23.9,0.477999,0.0516247
CounterK_LOne,50,23.5603,0.471206,0.0773477
CounterK_LTwo,50,24.2396,0.484793,0.0804154
Counter,200,102.047,0.510233,0.0586508
Failed,0,0,nan,0
CounterB_main,50,25.6282,0.512565,0.0474098
CounterB_LOne,50,24.629,0.492581,0.0702919
CounterB_LTwo,50,26.6274,0.532548,0.0637445
CounterC_main,50,25.4013,0.508026,0.0536624
CounterC_LOne,50,23.8932,0.477864,0.0794005
CounterC_LTwo,50,26.9094,0.538188,0.0838812
CounterJ_main,50,25.5388,0.510776,0.0554893
CounterJ_LOne,50,24.6369,0.492739,0.0865328
CounterJ_LTwo,50,26.4406,0.528812,0.0731483
CounterK_main,50,25.2474,0.504949,0.0493748
CounterK_LOne,50,24.7694,0.495388,0.0693364
CounterK_LTwo,50,25.7255,0.514509,0.0952553
Counter,198,102.82,0.519291,0.060349
Failed,2,1.08708,0.543542,0.0845865
CounterB_main,50,26.3881,0.527762,0.0520799
CounterB_LOne,50,25.4715,0.509431,0.0697148
CounterB_LTwo,50,27.3047,0.546093,0.0662835
CounterC_main,50,26.163,0.52326,0.0499289
CounterC_LOne,50,24.8031,0.496062,0.0751305
CounterC_LTwo,50,27.5229,0.550457,0.0832319
CounterJ_main,50,26.816,0.53632,0.0531448
CounterJ_LOne,50,25.7071,0.514141,0.0828002
CounterJ_LTwo,50,27.925,0.5585,0.0666248
CounterK_main,50,25.9892,0.519785,0.0459086
CounterK_LOne,50,25.5505,0.511009,0.0661073
CounterK_LTwo,50,26.428,0.52856,0.0899329
Counter,198,103.443,0.52244,0.0632663
Failed,2,1.08708,0.543542,0.0845865
CounterB_main,49,26.8153,0.547252,0.0458313
CounterB_LOne,49,26.3447,0.537647,0.0626873
CounterB_LTwo,49,27.286,0.556857,0.0684867
CounterC_main,50,26.4912,0.529824,0.0432758
CounterC_LOne,50,25.3519,0.507038,0.0689741
CounterC_LTwo,50,27.6306,0.552611,0.0759813
CounterJ_main,50,27.8754,0.557507,0.0480074
CounterJ_LOne,50,26.6167,0.532334,0.0784096
CounterJ_LTwo,50,29.134,0.582681,0.0647002
CounterK_main,49,26.0779,0.532201,0.0442681
CounterK_LOne,49,25.5139,0.520692,0.0678408
CounterK_LTwo,49,26.6418,0.54371,0.0864411
Counter,196,104.476,0.53304,0.0598878
Failed,4,2.03852,0.509629,0.0827964
CounterB_main,49,27.0528,0.552098,0.0469372
CounterB_LOne,49,26.4862,0.540535,0.0602846
CounterB_LTwo,49,27.6194,0.563661,0.0733406
CounterC_main,50,26.767,0.535339,0.0397593
CounterC_LOne,50,25.5315,0.51063,0.0681167
CounterC_LTwo,50,28.0024,0.560048,0.0739794
CounterJ_main,50,28.4809,0.569618,0.0436152
CounterJ_LOne,50,26.979,0.539581,0.0761122
CounterJ_LTwo,50,29.9828,0.599656,0.0572163
CounterK_main,49,26.5523,0.541883,0.0446049
CounterK_LOne,49,26.1124,0.532907,0.073084
CounterK_LTwo,49,26.9921,0.550859,0.0820288
Counter,196,104.665,0.534007,0.0626864
Failed,4,2.03852,0.509629,0.0827964
CounterB_main,48,26.8834,0.560072,0.0449063
CounterB_LOne,48,26.1691,0.54519,0.0632199
CounterB_LTwo,48,27.5977,0.574953,0.0722068
CounterC_main,50,27.1562,0.543124,0.0374399
CounterC_LOne,50,25.9255,0.518509,0.0720532
CounterC_LTwo,50,28.3869,0.567738,0.0666038
CounterJ_main,50,28.6928,0.573856,0.043269
CounterJ_LOne,50,27.0494,0.540988,0.0790777
CounterJ_LTwo,50,30.3362,0.606725,0.0499756
CounterK_main,48,26.5061,0.55221,0.0370489
CounterK_LOne,48,26.0523,0.542756,0.0631209
CounterK_LTwo,48,26.9599,0.561665,0.0814409
Counter,195,105.633,0.541706,0.0599516
Failed,5,2.55497,0.510994,0.0717687
CounterB_main,48,27.0158,0.56283,0.0453119
CounterB_LOne,48,26.378,0.549542,0.0569999
CounterB_LTwo,48,27.6537,0.576118,0.07344
CounterC_main,50,27.5113,0.550225,0.040847
CounterC_LOne,50,26.3186,0.526373,0.0778538
CounterC_LTwo,50,28.7039,0.574077,0.0656868
CounterJ_main,50,29.1839,0.583677,0.0380493
CounterJ_LOne,50,27.7484,0.554968,0.0748539
CounterJ_LTwo,50,30.6193,0.612386,0.0505024
CounterK_main,48,26.6664,0.55555,0.0366559
CounterK_LOne,48,25.9038,0.539662,0.0646754
CounterK_LTwo,48,27.429,0.571439,0.0795899
Counter,194,105.981,0.546295,0.0604855
Failed,6,3.13996,0.523327,0.0709453
CounterB_main,48,27.183,0.566313,0.0478706
CounterB_LOne,48,26.6886,0.556013,0.0623517
CounterB_LTwo,48,27.6775,0.576614,0.0682538
CounterC_main,50,27.9258,0.558516,0.0362463
CounterC_LOne,50,26.7363,0.534727,0.0832137
CounterC_LTwo,50,29.1153,0.582305,0.0637445
CounterJ_main,50,29.3949,0.587898,0.0354409
CounterJ_LOne,50,28.1228,0.562455,0.0694969
CounterJ_LTwo,50,30.6671,0.613341,0.0530432
CounterK_main,47,26.307,0.559723,0.0371304
CounterK_LOne,47,25.6164,0.545031,0.0664106
CounterK_LTwo,47,26.9975,0.574415,0.0765389
Counter,192,104.605,0.544816,0.0632702
Failed,8,4.26905,0.533631,0.0636354
CounterB_main,47,26.9903,0.574262,0.0463821
CounterB_LOne,47,26.2263,0.558007,0.0572369
CounterB_LTwo,47,27.7543,0.590516,0.0656237
CounterC_main,50,28.2819,0.565638,0.037519
CounterC_LOne,50,27.1249,0.542498,0.0733209
CounterC_LTwo,50,29.4389,0.588778,0.0633923
CounterJ_main,50,29.6653,0.593306,0.0369921
CounterJ_LOne,50,28.5047,0.570093,0.0713627
CounterJ_LTwo,50,30.8259,0.616518,0.0537487
CounterK_main,47,26.4605,0.562989,0.0367843
CounterK_LOne,47,25.747,0.547809,0.0659213
CounterK_LTwo,47,27.1739,0.578168,0.0776969
Counter,188,102.722,0.546393,0.071717
Failed,12,6.20544,0.51712,0.0676667
CounterB_main,46,26.7392,0.581288,0.043404
CounterB_LOne,46,26.1338,0.568127,0.0554008
CounterB_LTwo,46,27.3446,0.594448,0.063701
CounterC_main,50,28.534,0.57068,0.0343262
CounterC_LOne,50,27.4227,0.548454,0.0712613
CounterC_LTwo,50,29.6452,0.592905,0.066132
CounterJ_main,49,29.3872,0.599739,0.0318758
CounterJ_LOne,49,28.4119,0.579835,0.0641615
CounterJ_LTwo,49,30.3625,0.619643,0.0552014
CounterK_main,47,26.5111,0.564066,0.0369368
CounterK_LOne,47,25.5865,0.544394,0.0663927
CounterK_LTwo,47,27.4357,0.583737,0.0771697
Counter,188,104.116,0.553807,0.0623591
Failed,12,6.20544,0.51712,0.0676667
CounterB_main,46,27.0898,0.58891,0.0403435
CounterB_LOne,46,26.3738,0.573343,0.0498636
CounterB_LTwo,46,27.8059,0.604476,0.0599016
CounterC_main,49,28.0931,0.573328,0.0355579
CounterC_LOne,49,27.1803,0.554701,0.0702917
CounterC_LTwo,49,29.0058,0.591956,0.0676401
CounterJ_main,49,29.5567,0.603199,0.0285692
CounterJ_LOne,49,28.4573,0.58076,0.0605082
CounterJ_LTwo,49,30.6562,0.625637,0.0486277
CounterK_main,44,25.0595,0.569533,0.0385279
CounterK_LOne,44,24.1576,0.549036,0.0698577
CounterK_LTwo,44,25.9613,0.59003,0.0802206
Counter,188,105.638,0.561903,0.0595036
Failed,12,6.20544,0.51712,0.0676667
CounterB_main,46,27.2507,0.592406,0.0370142
CounterB_LOne,46,26.3856,0.5736,0.0519426
CounterB_LTwo,46,28.1157,0.611211,0.0523752
CounterC_main,49,28.1776,0.575054,0.0358459
CounterC_LOne,49,27.1498,0.554078,0.0675515
CounterC_LTwo,49,29.2054,0.596029,0.0709858
CounterJ_main,49,29.6652,0.605413,0.0280092
CounterJ_LOne,49,28.3827,0.579239,0.0606606
CounterJ_LTwo,49,30.9478,0.631588,0.0465181
CounterK_main,44,25.1448,0.571472,0.0391344
CounterK_LOne,44,24.2682,0.55155,0.0696319
CounterK_LTwo,44,26.0213,0.591393,0.0797004
Counter,186,103.467,0.556276,0.0672883
Failed,14,7.13563,0.509688,0.0705661
CounterB_main,46,27.4723,0.597223,0.0360668
CounterB_LOne,46,26.6952,0.580331,0.0537572
CounterB_LTwo,46,28.2493,0.614116,0.0528409
CounterC_main,49,28.375,0.579081,0.033868
CounterC_LOne,49,27.4448,0.560098,0.0663562
CounterC_LTwo,49,29.3052,0.598065,0.0710325
CounterJ_main,49,29.6762,0.605637,0.0277954
CounterJ_LOne,49,28.4686,0.580991,0.0601689
CounterJ_LTwo,49,30.8838,0.630282,0.0465877
CounterK_main,44,25.3051,0.575116,0.0387727
CounterK_LOne,44,24.3596,0.553627,0.0677086
CounterK_LTwo,44,26.2507,0.596606,0.079182
Counter,185,103.559,0.559776,0.0634451
Failed,15,7.60646,0.507097,0.0687357
CounterB_main,46,27.6183,0.600397,0.0361309
CounterB_LOne,46,26.7577,0.581688,0.0537208
CounterB_LTwo,46,28.4789,0.619106,0.0600909
CounterC_main,47,27.3598,0.582123,0.0322905
CounterC_LOne,47,26.4017,0.561739,0.0613176
CounterC_LTwo,47,28.3178,0.602507,0.0669671
CounterJ_main,49,29.7136,0.606401,0.0268751
CounterJ_LOne,49,28.4826,0.581278,0.0593272
CounterJ_LTwo,49,30.9447,0.631524,0.0477173
CounterK_main,44,25.5534,0.580759,0.0386493
CounterK_LOne,44,24.5954,0.558986,0.0640795
CounterK_LTwo,44,26.5114,0.602532,0.0791607
Counter,185,102.758,0.555451,0.0679271
Failed,15,7.60646,0.507097,0.0687357
CounterB_main,46,27.4837,0.597471,0.0369624
CounterB_LOne,46,26.7261,0.581002,0.0561134
CounterB_LTwo,46,28.2412,0.613939,0.0586886
CounterC_main,47,27.4798,0.584677,0.0312117
CounterC_LOne,47,26.4884,0.563583,0.0583377
CounterC_LTwo,47,28.4712,0.605771,0.0648453
CounterJ_main,49,29.8005,0.608174,0.0255633
CounterJ_LOne,49,28.6361,0.58441,0.0567849
CounterJ_LTwo,49,30.965,0.631939,0.0471581
CounterK_main,43,25.1898,0.58581,0.0364144
CounterK_LOne,43,24.1904,0.562567,0.0624957
CounterK_LTwo,43,26.1893,0.609053,0.0766087
Counter,184,103.579,0.562927,0.0646096
Failed,16,8.22767,0.514229,0.0722742
CounterB_main,46,27.5391,0.598677,0.03905
CounterB_LOne,46,26.6482,0.579308,0.0527869
CounterB_LTwo,46,28.4301,0.618046,0.0594736
CounterC_main,47,27.5234,0.585603,0.0307862
CounterC_LOne,47,26.5633,0.565177,0.0592789
CounterC_LTwo,47,28.4834,0.606029,0.0662675
CounterJ_main,49,29.8779,0.609753,0.0250207
CounterJ_LOne,49,28.6697,0.585097,0.0544253
CounterJ_LTwo,49,31.086,0.634409,0.0469974
CounterK_main,43,25.2188,0.586483,0.0361344
CounterK_LOne,43,24.2584,0.564149,0.062789
CounterK_LTwo,43,26.1791,0.608817,0.076737
Counter,184,102.542,0.557296,0.0695628
Failed,16,8.22767,0.514229,0.0722742
CounterB_main,45,26.8681,0.597068,0.0395582
CounterB_LOne,45,26.078,0.57951,0.0526953
CounterB_LTwo,45,27.6582,0.614626,0.0595301
CounterC_main,47,27.644,0.58817,0.0313179
CounterC_LOne,47,26.5805,0.565542,0.0605343
CounterC_LTwo,47,28.7075,0.610799,0.0642509
CounterJ_main,49,29.9747,0.611728,0.0269116
CounterJ_LOne,49,28.6956,0.585624,0.05452
CounterJ_LTwo,49,31.2537,0.637831,0.0487205
CounterK_main,43,25.3452,0.589423,0.0363661
CounterK_LOne,43,24.3738,0.566832,0.0661697
CounterK_LTwo,43,26.3166,0.612015,0.0752461
Counter,182,101.577,0.558113,0.0684896
Failed,18,9.27603,0.515335,0.0747748
CounterB_main,45,26.9018,0.597818,0.0381084
CounterB_LOne,45,26.0805,0.579567,0.052651
CounterB_LTwo,45,27.7231,0.616069,0.0568206
CounterC_main,47,27.6786,0.588907,0.0304979
CounterC_LOne,47,26.5456,0.564801,0.0608722
CounterC_LTwo,47,28.8116,0.613013,0.0628165
CounterJ_main,49,30.0599,0.613467,0.0265045
CounterJ_LOne,49,28.8729,0.589242,0.0548852
CounterJ_LTwo,49,31.247,0.637693,0.0490149
CounterK_main,43,25.4058,0.590833,0.0349803
CounterK_LOne,43,24.5175,0.570175,0.0624855
CounterK_LTwo,43,26.2941,0.611492,0.0763526
Counter,182,102.367,0.562454,0.0695957
Failed,18,9.27603,0.515335,0.0747748
CounterB_main,45,27.16,0.603555,0.039426
CounterB_LOne,45,26.2587,0.583526,0.0593929
CounterB_LTwo,45,28.0613,0.623584,0.0520925
CounterC_main,46,27.1502,0.590222,0.0299135
CounterC_LOne,46,26.0417,0.566123,0.0623427
CounterC_LTwo,46,28.2588,0.614321,0.0611173
CounterJ_main,48,29.4795,0.614157,0.0277739
CounterJ_LOne,48,28.368,0.590999,0.0549836
CounterJ_LTwo,48,30.5911,0.637315,0.0492299
CounterK_main,43,25.4156,0.591059,0.0345504
CounterK_LOne,43,24.57,0.571394,0.0629168
CounterK_LTwo,43,26.2612,0.610724,0.0781337
Counter,182,102.642,0.563967,0.0652318
Failed,18,9.27603,0.515335,0.0747748
CounterB_main,45,27.2797,0.606216,0.0386229
CounterB_LOne,45,26.3106,0.584681,0.056852
CounterB_LTwo,45,28.2488,0.627751,0.0492267
CounterC_main,46,27.2124,0.591575,0.0296174
CounterC_LOne,46,26.0403,0.566094,0.0655235
CounterC_LTwo,46,28.3846,0.617056,0.0620439
CounterJ_main,48,29.5205,0.615011,0.0284155
CounterJ_LOne,48,28.4049,0.591769,0.0540148
CounterJ_LTwo,48,30.6362,0.638253,0.0484824
CounterK_main,43,25.4451,0.591747,0.0347103
CounterK_LOne,43,24.6049,0.572208,0.0622375
CounterK_LTwo,43,26.2853,0.611287,0.0800204
Counter,182,103.331,0.567755,0.0651442
Failed,18,9.27603,0.515335,0.0747748
CounterB_main,45,27.3389,0.607531,0.0394847
CounterB_LOne,45,26.4542,0.58787,0.0578478
CounterB_LTwo,45,28.2236,0.627191,0.0498435
CounterC_main,46,27.2668,0.592757,0.0284496
CounterC_LOne,46,26.1054,0.567509,0.0654456
CounterC_LTwo,46,28.4283,0.618006,0.0628883
CounterJ_main,48,29.5785,0.616218,0.0308485
CounterJ_LOne,48,28.366,0.590959,0.050373
CounterJ_LTwo,48,30.7909,0.641477,0.047256
CounterK_main,43,25.5938,0.595205,0.0314331
CounterK_LOne,43,24.5861,0.571769,0.0644285
CounterK_LTwo,43,26.6015,0.61864,0.0668608
Counter,181,103.313,0.570792,0.0652186
Failed,19,9.73021,0.512116,0.0740099
CounterB_main,45,27.373,0.60829,0.0371951
CounterB_LOne,45,26.422,0.587156,0.0550747
CounterB_LTwo,45,28.3241,0.629424,0.0510159
CounterC_main,46,27.2722,0.592874,0.0284269
CounterC_LOne,46,25.9805,0.564793,0.0633713
CounterC_LTwo,46,28.5639,0.620955,0.0601517
CounterJ_main,48,29.6254,0.617195,0.031091
CounterJ_LOne,48,28.4215,0.592115,0.0510654
CounterJ_LTwo,48,30.8292,0.642275,0.048697
CounterK_main,43,25.6277,0.595992,0.0307315
CounterK_LOne,43,24.6649,0.573602,0.067588
CounterK_LTwo,43,26.5904,0.618382,0.0708169
Counter,181,102.7,0.567405,0.0693962
Failed,19,9.73021,0.512116,0.0740099
CounterB_main,45,27.4904,0.610898,0.035718
CounterB_LOne,45,26.429,0.58731,0.0553824
CounterB_LTwo,45,28.5518,0.634486,0.055156
CounterC_main,46,27.4241,0.596177,0.0266266
CounterC_LOne,46,26.3608,0.57306,0.0589882
CounterC_LTwo,46,28.4875,0.619294,0.0588083
CounterJ_main,48,29.6865,0.618469,0.0307796
CounterJ_LOne,48,28.4768,0.593267,0.0503672
CounterJ_LTwo,48,30.8962,0.643671,0.0490537
CounterK_main,42,25.1351,0.598454,0.0297452
CounterK_LOne,42,24.1577,0.575183,0.0676011
CounterK_LTwo,42,26.1124,0.621725,0.0662531
Counter,180,102.042,0.566903,0.0678574
Failed,20,10.1791,0.508957,0.0734088
CounterB_main,45,27.4735,0.610523,0.0382908
CounterB_LOne,45,26.3878,0.586396,0.0537081
CounterB_LTwo,45,28.5592,0.63465,0.0617502
CounterC_main,46,27.4846,0.59749,0.0268492
CounterC_LOne,46,26.4552,0.575113,0.0607113
CounterC_LTwo,46,28.5139,0.619868,0.058231
CounterJ_main,48,29.696,0.618667,0.030771
CounterJ_LOne,48,28.4346,0.592387,0.0497206
CounterJ_LTwo,48,30.9574,0.644946,0.0480181
CounterK_main,42,25.1524,0.598867,0.029583
CounterK_LOne,42,24.1924,0.57601,0.0677363
CounterK_LTwo,42,26.1124,0.621725,0.0662531
Counter,178,101.814,0.571987,0.0676564
Failed,22,11.1546,0.507028,0.071757
CounterB_main,45,27.5882,0.613071,0.0383371
CounterB_LOne,45,26.3664,0.585919,0.0576467
CounterB_LTwo,45,28.8101,0.640224,0.0531229
CounterC_main,45,26.8547,0.596771,0.0267008
CounterC_LOne,45,25.8068,0.573484,0.0603725
CounterC_LTwo,45,27.9026,0.620058,0.0588745
CounterJ_main,48,29.7824,0.620467,0.0308867
CounterJ_LOne,48,28.5655,0.595114,0.0490808
CounterJ_LTwo,48,30.9994,0.64582,0.0474947
CounterK_main,42,25.2225,0.600535,0.0261969
CounterK_LOne,42,24.3502,0.579766,0.0656988
CounterK_LTwo,42,26.0948,0.621304,0.0678387
Counter,178,101.775,0.571769,0.0646873
Failed,22,11.1546,0.507028,0.071757
CounterB_main,45,27.704,0.615644,0.035737
CounterB_LOne,45,26.5267,0.589483,0.0525752
CounterB_LTwo,45,28.8812,0.641804,0.0466934
CounterC_main,44,26.2793,0.597258,0.0268068
CounterC_LOne,44,25.2811,0.57457,0.0606242
CounterC_LTwo,44,27.2776,0.619946,0.0595503
CounterJ_main,48,29.7824,0.620467,0.0308867
CounterJ_LOne,48,28.5655,0.595114,0.0490808
CounterJ_LTwo,48,30.9994,0.64582,0.0474947
CounterK_main,41,24.6611,0.60149,0.0260339
CounterK_LOne,41,23.8282,0.581174,0.0653142
CounterK_LTwo,41,25.494,0.621806,0.0680647
Counter,178,102.419,0.575389,0.0653516
Failed,22,11.1546,0.507028,0.071757
CounterB_main,45,27.7456,0.616568,0.0349531
CounterB_LOne,45,26.5792,0.590648,0.0508161
CounterB_LTwo,45,28.9119,0.642488,0.0457271
CounterC_main,44,26.2793,0.597258,0.0268068
CounterC_LOne,44,25.2811,0.57457,0.0606242
CounterC_LTwo,44,27.2776,0.619946,0.0595503
CounterJ_main,48,29.7824,0.620467,0.0308867
CounterJ_LOne,48,28.5655,0.595114,0.0490808
CounterJ_LTwo,48,30.9994,0.64582,0.0474947
CounterK_main,41,24.7261,0.603075,0.0267438
CounterK_LOne,41,23.9463,0.584057,0.0633928
CounterK_LTwo,41,25.5058,0.622093,0.0687054
Counter,176,100.733,0.572346,0.0671375
Failed,24,12.359,0.51496,0.073772
CounterB_main,45,27.7486,0.616636,0.0357809
CounterB_LOne,45,26.5713,0.590474,0.0491109
CounterB_LTwo,45,28.9259,0.642798,0.0476485
CounterC_main,44,26.296,0.597636,0.0267009
CounterC_LOne,44,25.248,0.573817,0.0607318
CounterC_LTwo,44,27.344,0.621455,0.0596168
CounterJ_main,48,29.8379,0.621622,0.0294804
CounterJ_LOne,48,28.6514,0.596904,0.0485173
CounterJ_LTwo,48,31.0244,0.646341,0.0474162
CounterK_main,41,24.7364,0.603328,0.0265425
CounterK_LOne,41,24.0433,0.586423,0.06143
CounterK_LTwo,41,25.4295,0.620233,0.0689343
Counter,175,99.4217,0.568124,0.0690693
Failed,25,12.9326,0.517303,0.0731626
CounterB_main,43,26.542,0.617255,0.035962
CounterB_LOne,43,25.3631,0.58984,0.0499255
CounterB_LTwo,43,27.7208,0.64467,0.0474372
CounterC_main,44,26.3691,0.599299,0.0268952
CounterC_LOne,44,25.3008,0.575018,0.0615719
CounterC_LTwo,44,27.4375,0.623579,0.0589452
CounterJ_main,48,29.8539,0.621955,0.0290139
CounterJ_LOne,48,28.6997,0.59791,0.0485481
CounterJ_LTwo,48,31.0081,0.646001,0.046146
CounterK_main,41,24.7939,0.604729,0.0258008
CounterK_LOne,41,24.1067,0.587968,0.061298
CounterK_LTwo,41,25.4811,0.621489,0.0685235
Counter,175,100.9,0.576572,0.0674715
Failed,25,12.9326,0.517303,0.0731626
CounterB_main,42,26.069,0.62069,0.0341896
CounterB_LOne,42,25.0276,0.595896,0.0467369
CounterB_LTwo,42,27.1103,0.645484,0.0480545
CounterC_main,44,26.4242,0.60055,0.0268388
CounterC_LOne,44,25.2943,0.57487,0.0624649
CounterC_LTwo,44,27.5541,0.626229,0.0591736
CounterJ_main,48,29.8572,0.622026,0.0290557
CounterJ_LOne,48,28.6681,0.597252,0.0490445
CounterJ_LTwo,48,31.0464,0.6468,0.0473658
CounterK_main,41,24.7939,0.604729,0.0258008
CounterK_LOne,41,24.1067,0.587968,0.061298
CounterK_LTwo,41,25.4811,0.621489,0.0685235
Counter,172,96.5379,0.561267,0.0777862
Failed,28,14.4265,0.515231,0.0767835
CounterB_main,42,26.0158,0.619425,0.0363183
CounterB_LOne,42,25.0157,0.595613,0.0467925
CounterB_LTwo,42,27.016,0.643237,0.0512767
CounterC_main,44,26.4522,0.601187,0.0261709
CounterC_LOne,44,25.3288,0.575654,0.0630848
CounterC_LTwo,44,27.5756,0.626719,0.0582964
CounterJ_main,48,29.8824,0.62255,0.0284609
CounterJ_LOne,48,28.6867,0.59764,0.0484424
CounterJ_LTwo,48,31.0781,0.64746,0.0476155
CounterK_main,41,24.8836,0.606916,0.0254764
CounterK_LOne,41,24.1797,0.589748,0.0615568
CounterK_LTwo,41,25.5875,0.624084,0.0625159
Counter,171,95.4952,0.558451,0.0799965
Failed,29,15.0433,0.518735,0.077726
CounterB_main,41,25.4011,0.61954,0.0363533
CounterB_LOne,41,24.5256,0.598185,0.044776
CounterB_LTwo,41,26.2767,0.640894,0.0523003
CounterC_main,44,26.4808,0.601837,0.0264377
CounterC_LOne,44,25.2698,0.574314,0.0622759
CounterC_LTwo,44,27.6919,0.62936,0.0575554
CounterJ_main,48,29.9049,0.623019,0.0289031
CounterJ_LOne,48,28.6683,0.597255,0.0485529
CounterJ_LTwo,48,31.1416,0.648783,0.0494687
CounterK_main,39,23.6781,0.60713,0.0254311
CounterK_LOne,39,23.0572,0.591211,0.061666
CounterK_LTwo,39,24.2989,0.623049,0.0635185
Counter,171,95.6943,0.559616,0.0808062
Failed,29,15.0433,0.518735,0.077726
CounterB_main,40,24.7592,0.618979,0.0381037
CounterB_LOne,40,23.9412,0.598531,0.0457422
CounterB_LTwo,40,25.5771,0.639427,0.0591773
CounterC_main,44,26.4808,0.601837,0.0264377
CounterC_LOne,44,25.2698,0.574314,0.0622759
CounterC_LTwo,44,27.6919,0.62936,0.0575554
CounterJ_main,48,29.7786,0.620387,0.0394467
CounterJ_LOne,48,28.597,0.595771,0.0528033
CounterJ_LTwo,48,30.9601,0.645002,0.0588612
CounterK_main,39,23.6925,0.6075,0.0253519
CounterK_LOne,39,23.0761,0.591694,0.0619491
CounterK_LTwo,39,24.309,0.623307,0.0633274
Counter,169,95.4487,0.564785,0.0773191
Failed,31,15.8905,0.512598,0.0787775
CounterB_main,40,24.7644,0.619111,0.0376792
CounterB_LOne,40,23.99,0.59975,0.0447481
CounterB_LTwo,40,25.5388,0.638471,0.0587232
CounterC_main,44,26.5017,0.60231,0.026078
CounterC_LOne,44,25.2687,0.574289,0.0622982
CounterC_LTwo,44,27.7346,0.630332,0.0578166
CounterJ_main,48,29.7786,0.620387,0.0394467
CounterJ_LOne,48,28.597,0.595771,0.0528033
CounterJ_LTwo,48,30.9601,0.645002,0.0588612
CounterK_main,39,23.7069,0.607869,0.0246476
CounterK_LOne,39,23.179,0.594334,0.0566237
CounterK_LTwo,39,24.2347,0.621403,0.0626021
Counter,169,95.3299,0.564082,0.0750012
Failed,31,15.8905,0.512598,0.0787775
CounterB_main,40,24.8274,0.620685,0.0351697
CounterB_LOne,40,24.0673,0.601683,0.045139
CounterB_LTwo,40,25.5875,0.639687,0.0528207
CounterC_main,43,25.9866,0.60434,0.0245194
CounterC_LOne,43,24.9759,0.580835,0.0552904
CounterC_LTwo,43,26.9973,0.627845,0.0564398
CounterJ_main,48,29.7786,0.620387,0.0394467
CounterJ_LOne,48,28.597,0.595771,0.0528033
CounterJ_LTwo,48,30.9601,0.645002,0.0588612
CounterK_main,38,23.0976,0.607833,0.0249775
CounterK_LOne,38,22.5429,0.593233,0.0569592
CounterK_LTwo,38,23.6524,0.622432,0.0631076
Counter,168,94.9736,0.565319,0.0775701
Failed,32,16.4198,0.513119,0.0775526
CounterB_main,40,24.9177,0.622943,0.0329168
CounterB_LOne,40,24.006,0.60015,0.0449705
CounterB_LTwo,40,25.8294,0.645736,0.0484049
CounterC_main,43,25.995,0.604535,0.0247107
CounterC_LOne,43,25.0033,0.581472,0.0564769
CounterC_LTwo,43,26.9867,0.627598,0.0566838
CounterJ_main,48,29.7815,0.620448,0.0394812
CounterJ_LOne,48,28.6554,0.596988,0.0522967
CounterJ_LTwo,48,30.9076,0.643909,0.0576189
CounterK_main,38,23.0976,0.607833,0.0249775
CounterK_LOne,38,22.5429,0.593233,0.0569592
CounterK_LTwo,38,23.6524,0.622432,0.0631076
Counter,167,94.4852,0.56578,0.0759468
Failed,33,16.9388,0.513296,0.076338
CounterB_main,40,24.8401,0.621003,0.0340923
CounterB_LOne,40,23.8331,0.595826,0.0543154
CounterB_LTwo,40,25.8472,0.64618,0.0471977
CounterC_main,42,25.4456,0.605847,0.024104
CounterC_LOne,42,24.4617,0.582421,0.0562972
CounterC_LTwo,42,26.4295,0.629273,0.0559823
CounterJ_main,48,29.6899,0.61854,0.0455292
CounterJ_LOne,48,28.5957,0.595744,0.0591863
CounterJ_LTwo,48,30.7841,0.641335,0.0600314
CounterK_main,38,23.1622,0.609532,0.0258695
CounterK_LOne,38,22.4411,0.590554,0.0566608
CounterK_LTwo,38,23.8834,0.62851,0.0656246
Counter,166,95.1203,0.573014,0.0685367
Failed,34,17.382,0.511234,0.0761281
CounterB_main,40,24.8837,0.622093,0.0330443
CounterB_LOne,40,23.8597,0.596493,0.0523649
CounterB_LTwo,40,25.9077,0.647693,0.0488856
CounterC_main,41,24.9623,0.608837,0.0240955
CounterC_LOne,41,23.996,0.585269,0.0568613
CounterC_LTwo,41,25.9286,0.632404,0.0563523
CounterJ_main,48,29.734,0.619459,0.0408627
CounterJ_LOne,48,28.6818,0.597538,0.0511591
CounterJ_LTwo,48,30.7862,0.64138,0.0609364
CounterK_main,38,23.1726,0.609806,0.0257879
CounterK_LOne,38,22.4672,0.591242,0.0568355
CounterK_LTwo,38,23.8781,0.628371,0.065688
Counter,165,94.3709,0.571945,0.0722965
Failed,35,17.8743,0.510694,0.0750682
CounterB_main,40,24.913,0.622825,0.0333804
CounterB_LOne,40,23.9292,0.59823,0.0526653
CounterB_LTwo,40,25.8968,0.647419,0.0487652
CounterC_main,40,24.3473,0.608683,0.024382
CounterC_LOne,40,23.2799,0.581997,0.0535337
CounterC_LTwo,40,25.4147,0.635368,0.0537353
CounterJ_main,48,29.762,0.620041,0.0371383
CounterJ_LOne,48,28.7274,0.598488,0.0487361
CounterJ_LTwo,48,30.7965,0.641594,0.058006
CounterK_main,38,23.182,0.610052,0.0254229
CounterK_LOne,38,22.4579,0.590998,0.0571326
CounterK_LTwo,38,23.906,0.629107,0.0656172
Counter,164,93.0909,0.567627,0.0751803
Failed,36,18.3976,0.511045,0.074018
CounterB_main,40,24.9345,0.623363,0.0334031
CounterB_LOne,40,24.0517,0.601292,0.0495603
CounterB_LTwo,40,25.8174,0.645435,0.0466679
CounterC_main,40,24.3473,0.608683,0.024382
CounterC_LOne,40,23.2799,0.581997,0.0535337
CounterC_LTwo,40,25.4147,0.635368,0.0537353
CounterJ_main,48,29.7948,0.620724,0.0355465
CounterJ_LOne,48,28.7243,0.598424,0.0488612
CounterJ_LTwo,48,30.8652,0.643025,0.0561444
CounterK_main,37,22.6064,0.610984,0.0252241
CounterK_LOne,37,21.8969,0.591809,0.057847
CounterK_LTwo,37,23.3159,0.630159,0.0666027
Counter,161,91.6642,0.569343,0.0779503
Failed,39,19.8626,0.509298,0.0715169
CounterB_main,40,25.0145,0.625362,0.0341397
CounterB_LOne,40,24.0762,0.601905,0.0503986
CounterB_LTwo,40,25.9528,0.648819,0.0439274
CounterC_main,39,23.7232,0.608286,0.0245699
CounterC_LOne,39,22.6926,0.581862,0.0542267
CounterC_LTwo,39,24.7537,0.63471,0.0542744
CounterJ_main,48,29.8373,0.62161,0.0330921
CounterJ_LOne,48,28.706,0.598042,0.0492584
CounterJ_LTwo,48,30.9685,0.645178,0.0505211
CounterK_main,37,22.6064,0.610984,0.0252241
CounterK_LOne,37,21.8969,0.591809,0.057847
CounterK_LTwo,37,23.3159,0.630159,0.0666027
Counter,160,89.2812,0.558007,0.0830092
Failed,40,20.4912,0.51228,0.0730691
CounterB_main,40,24.943,0.623576,0.0349002
CounterB_LOne,40,24.1997,0.604992,0.0485241
CounterB_LTwo,40,25.6864,0.642161,0.0495385
CounterC_main,37,22.5777,0.610208,0.0228101
CounterC_LOne,37,21.8149,0.589593,0.0572532
CounterC_LTwo,37,23.3405,0.630824,0.0553058
CounterJ_main,48,29.8064,0.620966,0.0353843
CounterJ_LOne,48,28.7878,0.599747,0.0471254
CounterJ_LTwo,48,30.8249,0.642185,0.0585647
CounterK_main,36,22.0182,0.611616,0.0252829
CounterK_LOne,36,21.3575,0.593263,0.0579775
CounterK_LTwo,36,22.6789,0.629969,0.0675373
Counter,159,90.6319,0.570012,0.0762381
Failed,41,20.9495,0.510964,0.07264
CounterB_main,40,24.894,0.62235,0.036683
CounterB_LOne,40,24.0774,0.601935,0.0540514
CounterB_LTwo,40,25.7106,0.642766,0.0493993
CounterC_main,37,22.64,0.611893,0.0208867
CounterC_LOne,37,21.8598,0.590805,0.0563819
CounterC_LTwo,37,23.4203,0.632981,0.0549521
CounterJ_main,47,29.1343,0.61988,0.0359343
CounterJ_LOne,47,28.1662,0.59928,0.0482848
CounterJ_LTwo,47,30.1025,0.640479,0.0542823
CounterK_main,36,22.0227,0.611742,0.0252141
CounterK_LOne,36,21.3225,0.592292,0.0580891
CounterK_LTwo,36,22.7229,0.631191,0.0671571
Counter,157,89.1504,0.567837,0.078712
Failed,43,21.99,0.511394,0.0709799
CounterB_main,40,24.9369,0.623422,0.0380416
CounterB_LOne,40,24.1606,0.604014,0.0537241
CounterB_LTwo,40,25.7132,0.64283,0.0475236
CounterC_main,37,22.6926,0.613314,0.0218434
CounterC_LOne,37,21.8555,0.59069,0.0564125
CounterC_LTwo,37,23.5297,0.635938,0.0572638
CounterJ_main,47,29.1749,0.620743,0.0334863
CounterJ_LOne,47,28.1185,0.598267,0.050186
CounterJ_LTwo,47,30.2313,0.643219,0.0487243
CounterK_main,35,21.3938,0.61125,0.0254122
CounterK_LOne,35,20.5763,0.587894,0.0560509
CounterK_LTwo,35,22.2112,0.634606,0.0689542
Counter,156,88.9583,0.570246,0.0758877
Failed,44,22.5353,0.512167,0.0703366
CounterB_main,40,24.8873,0.622181,0.0378641
CounterB_LOne,40,24.0812,0.602029,0.0536647
CounterB_LTwo,40,25.6933,0.642334,0.0469059
CounterC_main,37,22.7026,0.613583,0.0214697
CounterC_LOne,37,21.8672,0.591005,0.0564617
CounterC_LTwo,37,23.538,0.636161,0.0569939
CounterJ_main,47,29.197,0.621213,0.0325312
CounterJ_LOne,47,28.1375,0.598669,0.0493225
CounterJ_LTwo,47,30.2566,0.643756,0.0484205
CounterK_main,33,20.133,0.610091,0.0257231
CounterK_LOne,33,19.3352,0.585916,0.0570071
CounterK_LTwo,33,20.9308,0.634267,0.0709873
Counter,156,89.0833,0.571047,0.0716186
Failed,44,22.5353,0.512167,0.0703366
CounterB_main,40,24.9222,0.623056,0.0366954
CounterB_LOne,40,24.0109,0.600272,0.0573138
CounterB_LTwo,40,25.8336,0.64584,0.0464864
CounterC_main,36,22.0762,0.613228,0.0216637
CounterC_LOne,36,21.2847,0.591242,0.057244
CounterC_LTwo,36,22.8677,0.635214,0.0575062
CounterJ_main,47,29.2576,0.622502,0.0316809
CounterJ_LOne,47,28.3114,0.60237,0.0480454
CounterJ_LTwo,47,30.2037,0.642633,0.0477932
CounterK_main,33,20.1355,0.610166,0.0256963
CounterK_LOne,33,19.3183,0.585403,0.0559263
CounterK_LTwo,33,20.9526,0.634928,0.069694
Counter,155,88.2421,0.569304,0.0743681
Failed,45,22.9787,0.510639,0.0702842
CounterB_main,40,24.9198,0.622996,0.0367012
CounterB_LOne,40,24.149,0.603725,0.0511911
CounterB_LTwo,40,25.6907,0.642267,0.0470293
CounterC_main,36,22.1005,0.613904,0.0210418
CounterC_LOne,36,21.4444,0.595678,0.0558442
CounterC_LTwo,36,22.7567,0.632129,0.05823
CounterJ_main,47,29.1053,0.619262,0.036845
CounterJ_LOne,47,28.1277,0.598462,0.0548825
CounterJ_LTwo,47,30.0829,0.640061,0.0488147
CounterK_main,33,20.1355,0.610166,0.0256963
CounterK_LOne,33,19.3183,0.585403,0.0559263
CounterK_LTwo,33,20.9526,0.634928,0.069694
Counter,154,87.6078,0.568882,0.0748917
Failed,46,23.6328,0.513756,0.0726436
CounterB_main,40,24.916,0.622899,0.0362642
CounterB_LOne,40,24.0016,0.60004,0.0535872
CounterB_LTwo,40,25.8303,0.645758,0.046595
CounterC_main,36,22.1202,0.614451,0.0207793
CounterC_LOne,36,21.5226,0.597851,0.0568789
CounterC_LTwo,36,22.7178,0.631051,0.0591505
CounterJ_main,47,28.885,0.614575,0.0443655
CounterJ_LOne,47,27.9005,0.593629,0.0616397
CounterJ_LTwo,47,29.8695,0.635521,0.0546965
CounterK_main,32,19.5442,0.610755,0.0265439
CounterK_LOne,32,18.9711,0.592847,0.0568817
CounterK_LTwo,32,20.1172,0.628663,0.0684187
Counter,151,84.9358,0.562488,0.0789275
Failed,49,25.291,0.516143,0.0719636
CounterB_main,40,24.8807,0.622018,0.0375468
CounterB_LOne,40,24.0294,0.600736,0.0519784
CounterB_LTwo,40,25.732,0.6433,0.0458138
CounterC_main,36,22.1481,0.615226,0.0199259
CounterC_LOne,36,21.4889,0.596915,0.0562482
CounterC_LTwo,36,22.8073,0.633536,0.0555557
CounterJ_main,46,28.2837,0.614864,0.040711
CounterJ_LOne,46,27.4663,0.597095,0.0578535
CounterJ_LTwo,46,29.1011,0.632633,0.0626445
CounterK_main,32,19.5442,0.610755,0.0265439
CounterK_LOne,32,18.9711,0.592847,0.0568817
CounterK_LTwo,32,20.1172,0.628663,0.0684187
Counter,149,85.7931,0.575793,0.0697265
Failed,51,26.1673,0.513085,0.0730194
CounterB_main,39,24.4174,0.626088,0.0322542
CounterB_LOne,39,23.5573,0.604033,0.0499175
CounterB_LTwo,39,25.2776,0.648143,0.0399912
CounterC_main,35,21.5341,0.615259,0.0202157
CounterC_LOne,35,20.9469,0.598483,0.0562654
CounterC_LTwo,35,22.1212,0.632035,0.055621
CounterJ_main,45,27.6705,0.614901,0.0408017
CounterJ_LOne,45,26.728,0.593956,0.0599123
CounterJ_LTwo,45,28.613,0.635845,0.0577923
CounterK_main,32,19.5442,0.610755,0.0265439
CounterK_LOne,32,18.9711,0.592847,0.0568817
CounterK_LTwo,32,20.1172,0.628663,0.0684187
Counter,149,88.5764,0.594473,0.0582909
Failed,51,26.1673,0.513085,0.0730194
CounterB_main,39,24.4552,0.627057,0.0335925
CounterB_LOne,39,23.5604,0.604112,0.04998
CounterB_LTwo,39,25.3501,0.650003,0.0423175
CounterC_main,34,20.9031,0.614798,0.0202409
CounterC_LOne,34,20.3839,0.599526,0.056618
CounterC_LTwo,34,21.4224,0.63007,0.0564542
CounterJ_main,45,27.6654,0.614788,0.041538
CounterJ_LOne,45,26.8458,0.596574,0.0538147
CounterJ_LTwo,45,28.4851,0.633001,0.058164
CounterK_main,31,18.9162,0.610199,0.0241031
CounterK_LOne,31,18.3455,0.591791,0.0522125
CounterK_LTwo,31,19.4868,0.628606,0.0695461
Counter,149,85.5112,0.573901,0.0725255
Failed,51,26.1673,0.513085,0.0730194
CounterB_main,39,24.4849,0.627817,0.03412
CounterB_LOne,39,23.5698,0.604355,0.0500753
CounterB_LTwo,39,25.3999,0.65128,0.0431353
CounterC_main,34,20.9566,0.61637,0.0199957
CounterC_LOne,34,20.4178,0.600522,0.0576746
CounterC_LTwo,34,21.4954,0.632219,0.0582622
CounterJ_main,45,27.8296,0.618435,0.0384181
CounterJ_LOne,45,26.9488,0.598861,0.0506157
CounterJ_LTwo,45,28.7104,0.63801,0.0576152
CounterK_main,31,18.9162,0.610199,0.0241031
CounterK_LOne,31,18.3455,0.591791,0.0522125
CounterK_LTwo,31,19.4868,0.628606,0.0695461
Counter,147,84.4961,0.574804,0.0720484
Failed,53,27.2428,0.514015,0.0732634
CounterB_main,39,24.4849,0.627817,0.03412
CounterB_LOne,39,23.5698,0.604355,0.0500753
CounterB_LTwo,39,25.3999,0.65128,0.0431353
CounterC_main,34,20.9745,0.616896,0.0204386
CounterC_LOne,34,20.4991,0.602915,0.0609086
CounterC_LTwo,34,21.4498,0.630877,0.0593133
CounterJ_main,45,27.8296,0.618435,0.0384181
CounterJ_LOne,45,26.9488,0.598861,0.0506157
CounterJ_LTwo,45,28.7104,0.63801,0.0576152
CounterK_main,31,18.9162,0.610199,0.0241031
CounterK_LOne,31,18.3455,0.591791,0.0522125
CounterK_LTwo,31,19.4868,0.628606,0.0695461
Counter,145,83.2284,0.573989,0.0750031
Failed,55,28.2409,0.513471,0.0719614
CounterB_main,39,24.5193,0.6287,0.0339343
CounterB_LOne,39,23.6253,0.605777,0.0487866
CounterB_LTwo,39,25.4133,0.651624,0.0434297
CounterC_main,34,20.9745,0.616896,0.0204386
CounterC_LOne,34,20.4991,0.602915,0.0609086
CounterC_LTwo,34,21.4498,0.630877,0.0593133
CounterJ_main,44,27.2718,0.619813,0.0360154
CounterJ_LOne,44,26.4572,0.601299,0.0482503
CounterJ_LTwo,44,28.0864,0.638328,0.0562467
CounterK_main,30,18.3156,0.610522,0.024447
CounterK_LOne,30,17.7767,0.592557,0.0529277
CounterK_LTwo,30,18.8546,0.628486,0.0707318
Counter,143,82.3635,0.575969,0.0777021
Failed,57,29.1339,0.511121,0.071751
CounterB_main,39,24.5193,0.6287,0.0339343
CounterB_LOne,39,23.6253,0.605777,0.0487866
CounterB_LTwo,39,25.4133,0.651624,0.0434297
CounterC_main,33,20.3848,0.61772,0.0203938
CounterC_LOne,33,19.8312,0.600946,0.0611297
CounterC_LTwo,33,20.9383,0.634494,0.0578343
CounterJ_main,44,27.4133,0.62303,0.0336088
CounterJ_LOne,44,26.4182,0.600414,0.0501373
CounterJ_LTwo,44,28.4085,0.645647,0.0494865
CounterK_main,29,17.7632,0.612524,0.0227701
CounterK_LOne,29,16.9185,0.583398,0.0565165
CounterK_LTwo,29,18.6079,0.641651,0.0654008
Counter,142,82.2702,0.579368,0.0716649
Failed,58,29.5672,0.50978,0.0718486
CounterB_main,39,24.5717,0.630044,0.03462
CounterB_LOne,39,23.6421,0.606207,0.0488914
CounterB_LTwo,39,25.5014,0.653881,0.0446136
CounterC_main,32,19.797,0.618657,0.0199851
CounterC_LOne,32,19.1902,0.599694,0.0616768
CounterC_LTwo,32,20.4038,0.63762,0.0558554
CounterJ_main,44,27.4133,0.62303,0.0336088
CounterJ_LOne,44,26.4182,0.600414,0.0501373
CounterJ_LTwo,44,28.4085,0.645647,0.0494865
CounterK_main,28,17.1835,0.613696,0.0222802
CounterK_LOne,28,16.3411,0.583612,0.0575416
CounterK_LTwo,28,18.0258,0.643779,0.06557
Counter,140,81.322,0.580872,0.0720398
Failed,60,30.582,0.5097,0.0706408
CounterB_main,39,24.6156,0.631169,0.0326924
CounterB_LOne,39,23.6534,0.606498,0.0482437
CounterB_LTwo,39,25.5777,0.65584,0.0442976
CounterC_main,32,19.797,0.618657,0.0199851
CounterC_LOne,32,19.1902,0.599694,0.0616768
CounterC_LTwo,32,20.4038,0.63762,0.0558554
CounterJ_main,44,27.4133,0.62303,0.0336088
CounterJ_LOne,44,26.4182,0.600414,0.0501373
CounterJ_LTwo,44,28.4085,0.645647,0.0494865
CounterK_main,27,16.5866,0.614318,0.0224553
CounterK_LOne,27,15.7822,0.584527,0.0584299
CounterK_LTwo,27,17.3909,0.644109,0.0667954
Counter,138,79.9676,0.579475,0.074749
Failed,62,31.5673,0.50915,0.0695921
CounterB_main,39,24.6042,0.630876,0.0327516
CounterB_LOne,39,23.667,0.606845,0.0479711
CounterB_LTwo,39,25.5414,0.654907,0.0437795
CounterC_main,31,19.1688,0.61835,0.0202385
CounterC_LOne,31,18.6082,0.600265,0.0626105
CounterC_LTwo,31,19.7295,0.636435,0.0563685
CounterJ_main,44,27.4133,0.62303,0.0336088
CounterJ_LOne,44,26.4182,0.600414,0.0501373
CounterJ_LTwo,44,28.4085,0.645647,0.0494865
CounterK_main,26,15.9443,0.613242,0.022178
CounterK_LOne,26,15.2038,0.584762,0.0595741
CounterK_LTwo,26,16.6848,0.641721,0.0669326
Counter,138,79.8458,0.578593,0.0754571
Failed,62,31.5673,0.50915,0.0695921
CounterB_main,39,24.6492,0.63203,0.0315184
CounterB_LOne,39,23.7554,0.609113,0.0447074
CounterB_LTwo,39,25.5429,0.654947,0.0444923
CounterC_main,30,18.5926,0.619754,0.0189874
CounterC_LOne,30,18.0053,0.600176,0.0636788
CounterC_LTwo,30,19.1799,0.639331,0.0549362
CounterJ_main,44,27.3896,0.622491,0.0348247
CounterJ_LOne,44,26.5679,0.603816,0.0469291
CounterJ_LTwo,44,28.2114,0.641167,0.0552744
CounterK_main,25,15.3419,0.613678,0.0225211
CounterK_LOne,25,14.5111,0.580444,0.0564973
CounterK_LTwo,25,16.1728,0.646912,0.0627451
Counter,136,79.1341,0.581868,0.0695753
Failed,64,32.7126,0.511134,0.0693774
CounterB_main,39,24.6616,0.632348,0.0314906
CounterB_LOne,39,23.8186,0.610732,0.0435447
CounterB_LTwo,39,25.5046,0.653964,0.04391
CounterC_main,30,18.5926,0.619754,0.0189874
CounterC_LOne,30,18.0053,0.600176,0.0636788
CounterC_LTwo,30,19.1799,0.639331,0.0549362
CounterJ_main,44,27.3778,0.622223,0.0355314
CounterJ_LOne,44,26.5022,0.602323,0.0480613
CounterJ_LTwo,44,28.2534,0.642123,0.0526291
CounterK_main,25,15.3677,0.614707,0.0228299
CounterK_LOne,25,14.4644,0.578576,0.0589007
CounterK_LTwo,25,16.271,0.650838,0.0680208
Counter,136,79.4578,0.584249,0.0713591
Failed,64,32.7126,0.511134,0.0693774
CounterB_main,39,24.662,0.63236,0.031471
CounterB_LOne,39,23.7747,0.609609,0.0450177
CounterB_LTwo,39,25.5494,0.655112,0.0427131
CounterC_main,30,18.5926,0.619754,0.0189874
CounterC_LOne,30,18.0053,0.600176,0.0636788
CounterC_LTwo,30,19.1799,0.639331,0.0549362
CounterJ_main,42,26.2709,0.625498,0.0323847
CounterJ_LOne,42,25.4207,0.605255,0.0470853
CounterJ_LTwo,42,27.1211,0.645741,0.0496141
CounterK_main,25,15.3677,0.614707,0.0228299
CounterK_LOne,25,14.4644,0.578576,0.0589007
CounterK_LTwo,25,16.271,0.650838,0.0680208
Counter,136,78.9546,0.580549,0.0728087
Failed,64,32.7126,0.511134,0.0693774
CounterB_main,39,24.6801,0.632822,0.0308421
CounterB_LOne,39,23.7882,0.609954,0.0443734
CounterB_LTwo,39,25.5719,0.655691,0.0426937
CounterC_main,30,18.6079,0.620262,0.0192209
CounterC_LOne,30,17.9854,0.599514,0.0629307
CounterC_LTwo,30,19.2303,0.64101,0.0532607
CounterJ_main,42,26.2281,0.624479,0.0344204
CounterJ_LOne,42,25.4304,0.605487,0.0467897
CounterJ_LTwo,42,27.0258,0.643472,0.0528758
CounterK_main,25,15.3743,0.61497,0.0224238
CounterK_LOne,25,14.475,0.578999,0.0584894
CounterK_LTwo,25,16.2735,0.650942,0.0680014
Counter,135,78.6012,0.582231,0.0765351
Failed,65,33.2885,0.512131,0.0693008
CounterB_main,39,24.6728,0.632636,0.0311751
CounterB_LOne,39,23.8154,0.61065,0.0433139
CounterB_LTwo,39,25.5303,0.654623,0.0437863
CounterC_main,30,18.6079,0.620262,0.0192209
CounterC_LOne,30,17.9854,0.599514,0.0629307
CounterC_LTwo,30,19.2303,0.64101,0.0532607
CounterJ_main,42,26.2281,0.624479,0.0344204
CounterJ_LOne,42,25.4304,0.605487,0.0467897
CounterJ_LTwo,42,27.0258,0.643472,0.0528758
CounterK_main,25,15.4026,0.616103,0.0228987
CounterK_LOne,25,14.6325,0.5853,0.0521657
CounterK_LTwo,25,16.1727,0.646906,0.0634245
Counter,134,78.1489,0.583201,0.0723503
Failed,66,33.8561,0.512971,0.069104
CounterB_main,39,24.6759,0.632715,0.0311319
CounterB_LOne,39,23.8576,0.611734,0.0444243
CounterB_LTwo,39,25.4942,0.653697,0.0454291
CounterC_main,30,18.6432,0.62144,0.0195609
CounterC_LOne,30,18.0154,0.600512,0.0632763
CounterC_LTwo,30,19.271,0.642368,0.0529887
CounterJ_main,42,26.3208,0.626685,0.0316265
CounterJ_LOne,42,25.4265,0.605393,0.0469033
CounterJ_LTwo,42,27.215,0.647977,0.0505483
CounterK_main,24,14.7625,0.615106,0.02283
CounterK_LOne,24,14.0256,0.5844,0.0530891
CounterK_LTwo,24,15.4995,0.645812,0.064547
Counter,134,77.651,0.579485,0.0802914
Failed,66,33.8561,0.512971,0.069104
CounterB_main,39,24.6799,0.632819,0.031111
CounterB_LOne,39,23.8657,0.611941,0.04463
CounterB_LTwo,39,25.4942,0.653697,0.0454291
CounterC_main,30,18.6759,0.622532,0.02083
CounterC_LOne,30,18.0041,0.600138,0.0631136
CounterC_LTwo,30,19.3477,0.644925,0.0539205
CounterJ_main,42,26.3208,0.626685,0.0316265
CounterJ_LOne,42,25.4265,0.605393,0.0469033
CounterJ_LTwo,42,27.215,0.647977,0.0505483
CounterK_main,23,14.1635,0.615806,0.0227653
CounterK_LOne,23,13.475,0.585868,0.0528157
CounterK_LTwo,23,14.8521,0.645744,0.0659565
Counter,132,76.957,0.583008,0.0757914
Failed,68,34.8159,0.511998,0.0682992
CounterB_main,39,24.6799,0.632819,0.031111
CounterB_LOne,39,23.8657,0.611941,0.04463
CounterB_LTwo,39,25.4942,0.653697,0.0454291
CounterC_main,30,18.6849,0.62283,0.020508
CounterC_LOne,30,18.0473,0.601577,0.0631258
CounterC_LTwo,30,19.3225,0.644083,0.0546208
CounterJ_main,42,26.3215,0.626703,0.0315894
CounterJ_LOne,42,25.5302,0.607862,0.0442477
CounterJ_LTwo,42,27.1129,0.645544,0.0541794
CounterK_main,23,14.1635,0.615806,0.0227653
CounterK_LOne,23,13.475,0.585868,0.0528157
CounterK_LTwo,23,14.8521,0.645744,0.0659565
Counter,131,76.2461,0.582031,0.0752059
Failed,69,35.4861,0.514291,0.0704208
CounterB_main,39,24.6799,0.632819,0.031111
CounterB_LOne,39,23.8657,0.611941,0.04463
CounterB_LTwo,39,25.4942,0.653697,0.0454291
CounterC_main,29,18.0685,0.623051,0.0208344
CounterC_LOne,29,17.511,0.603827,0.0630064
CounterC_LTwo,29,18.626,0.642276,0.0546668
CounterJ_main,42,26.3215,0.626703,0.0315894
CounterJ_LOne,42,25.5302,0.607862,0.0442477
CounterJ_LTwo,42,27.1129,0.645544,0.0541794
CounterK_main,22,13.5512,0.615964,0.0232881
CounterK_LOne,22,12.9148,0.587036,0.0537536
CounterK_LTwo,22,14.1876,0.644892,0.0673789
Counter,131,76.5297,0.584196,0.0719955
Failed,69,35.4861,0.514291,0.0704208
CounterB_main,39,24.6582,0.632263,0.0315814
CounterB_LOne,39,23.8121,0.610566,0.0434098
CounterB_LTwo,39,25.5044,0.653959,0.0448939
CounterC_main,29,18.0685,0.623051,0.0208344
CounterC_LOne,29,17.511,0.603827,0.0630064
CounterC_LTwo,29,18.626,0.642276,0.0546668
CounterJ_main,41,25.6513,0.625641,0.0312137
CounterJ_LOne,41,24.938,0.608243,0.0447275
CounterJ_LTwo,41,26.3646,0.643039,0.052332
CounterK_main,22,13.5512,0.615964,0.0232881
CounterK_LOne,22,12.9148,0.587036,0.0537536
CounterK_LTwo,22,14.1876,0.644892,0.0673789
Counter,131,76.5929,0.584679,0.0707198
Failed,69,35.4861,0.514291,0.0704208
CounterB_main,39,24.6582,0.632263,0.0315814
CounterB_LOne,39,23.8121,0.610566,0.0434098
CounterB_LTwo,39,25.5044,0.653959,0.0448939
CounterC_main,29,18.0685,0.623051,0.0208344
CounterC_LOne,29,17.511,0.603827,0.0630064
CounterC_LTwo,29,18.626,0.642276,0.0546668
CounterJ_main,41,25.6513,0.625641,0.0312137
CounterJ_LOne,41,24.938,0.608243,0.0447275
CounterJ_LTwo,41,26.3646,0.643039,0.052332
CounterK_main,22,13.5512,0.615964,0.0232881
CounterK_LOne,22,12.9148,0.587036,0.0537536
CounterK_LTwo,22,14.1876,0.644892,0.0673789
Counter,130,75.1194,0.577842,0.0776483
Failed,70,36.128,0.516114,0.0715518
CounterB_main,39,24.6582,0.632263,0.0315814
CounterB_LOne,39,23.8121,0.610566,0.0434098
CounterB_LTwo,39,25.5044,0.653959,0.0448939
CounterC_main,29,18.0803,0.62346,0.0213287
CounterC_LOne,29,17.6002,0.606903,0.0645005
CounterC_LTwo,29,18.5605,0.640018,0.0538343
CounterJ_main,41,25.6513,0.625641,0.0312137
CounterJ_LOne,41,24.938,0.608243,0.0447275
CounterJ_LTwo,41,26.3646,0.643039,0.052332
CounterK_main,22,13.5512,0.615964,0.0232881
CounterK_LOne,22,12.9148,0.587036,0.0537536
CounterK_LTwo,22,14.1876,0.644892,0.0673789
Counter,129,74.6572,0.578738,0.0782831
Failed,71,36.6251,0.515846,0.0710747
CounterB_main,38,23.9988,0.631546,0.0326258
CounterB_LOne,38,23.1841,0.610108,0.044043
CounterB_LTwo,38,24.8134,0.652984,0.0444712
CounterC_main,29,18.0803,0.62346,0.0213287
CounterC_LOne,29,17.6002,0.606903,0.0645005
CounterC_LTwo,29,18.5605,0.640018,0.0538343
CounterJ_main,41,25.6513,0.625641,0.0312137
CounterJ_LOne,41,24.938,0.608243,0.0447275
CounterJ_LTwo,41,26.3646,0.643039,0.052332
CounterK_main,22,13.5512,0.615964,0.0232881
CounterK_LOne,22,12.9148,0.587036,0.0537536
CounterK_LTwo,22,14.1876,0.644892,0.0673789
Counter,129,77.4686,0.600532,0.0556784
Failed,71,36.6251,0.515846,0.0710747
CounterB_main,38,23.9988,0.631546,0.0326258
CounterB_LOne,38,23.1841,0.610108,0.044043
CounterB_LTwo,38,24.8134,0.652984,0.0444712
CounterC_main,29,18.0803,0.62346,0.0213287
CounterC_LOne,29,17.6002,0.606903,0.0645005
CounterC_LTwo,29,18.5605,0.640018,0.0538343
CounterJ_main,41,25.6513,0.625641,0.0312137
CounterJ_LOne,41,24.938,0.608243,0.0447275
CounterJ_LTwo,41,26.3646,0.643039,0.052332
CounterK_main,21,12.947,0.616525,0.0237107
CounterK_LOne,21,12.3588,0.588517,0.0546194
CounterK_LTwo,21,13.5352,0.644533,0.0690212
Counter,128,74.876,0.584969,0.0717968
Failed,72,37.0106,0.514036,0.0722251
CounterB_main,38,23.9988,0.631546,0.0326258
CounterB_LOne,38,23.1841,0.610108,0.044043
CounterB_LTwo,38,24.8134,0.652984,0.0444712
CounterC_main,29,18.0831,0.623554,0.0213275
CounterC_LOne,29,17.6023,0.606975,0.0644589
CounterC_LTwo,29,18.5639,0.640134,0.0539142
CounterJ_main,41,25.6513,0.625641,0.0312137
CounterJ_LOne,41,24.938,0.608243,0.0447275
CounterJ_LTwo,41,26.3646,0.643039,0.052332
CounterK_main,21,12.947,0.616525,0.0237107
CounterK_LOne,21,12.3588,0.588517,0.0546194
CounterK_LTwo,21,13.5352,0.644533,0.0690212
Counter,127,74.3047,0.585076,0.07231
Failed,73,37.4854,0.513498,0.0718687
CounterB_main,38,23.9988,0.631546,0.0326258
CounterB_LOne,38,23.1841,0.610108,0.044043
CounterB_LTwo,38,24.8134,0.652984,0.0444712
CounterC_main,29,18.1038,0.624269,0.0204215
CounterC_LOne,29,17.6791,0.609623,0.0639979
CounterC_LTwo,29,18.5285,0.638915,0.0543795
CounterJ_main,41,25.6513,0.625641,0.0312137
CounterJ_LOne,41,24.938,0.608243,0.0447275
CounterJ_LTwo,41,26.3646,0.643039,0.052332
CounterK_main,20,12.3869,0.619347,0.0203877
CounterK_LOne,20,11.7388,0.586939,0.0555456
CounterK_LTwo,20,13.0351,0.651755,0.0621414
Counter,127,73.8897,0.581809,0.0756655
Failed,73,37.4854,0.513498,0.0718687
CounterB_main,38,23.9988,0.631546,0.0326258
CounterB_LOne,38,23.1841,0.610108,0.044043
CounterB_LTwo,38,24.8134,0.652984,0.0444712
CounterC_main,28,17.4715,0.623983,0.0207371
CounterC_LOne,28,16.9825,0.606518,0.0629082
CounterC_LTwo,28,17.9606,0.641449,0.0536058
CounterJ_main,41,25.6244,0.624986,0.0323895
CounterJ_LOne,41,24.9702,0.60903,0.0432894
CounterJ_LTwo,41,26.2786,0.640942,0.0536656
CounterK_main,20,12.3869,0.619347,0.0203877
CounterK_LOne,20,11.7388,0.586939,0.0555456
CounterK_LTwo,20,13.0351,0.651755,0.0621414
Counter,124,72.5463,0.585051,0.0758228
Failed,76,39.1532,0.515174,0.0710458
CounterB_main,38,23.9619,0.630577,0.034822
CounterB_LOne,38,23.1754,0.60988,0.0443376
CounterB_LTwo,38,24.7484,0.651275,0.0480156
CounterC_main,28,17.4842,0.624436,0.0208896
CounterC_LOne,28,17.0029,0.607245,0.0626081
CounterC_LTwo,28,17.9656,0.641627,0.0537385
CounterJ_main,41,25.6244,0.624986,0.0323895
CounterJ_LOne,41,24.9702,0.60903,0.0432894
CounterJ_LTwo,41,26.2786,0.640942,0.0536656
CounterK_main,20,12.3869,0.619347,0.0203877
CounterK_LOne,20,11.7388,0.586939,0.0555456
CounterK_LTwo,20,13.0351,0.651755,0.0621414
Counter,124,72.0023,0.580663,0.0774393
Failed,76,39.1532,0.515174,0.0710458
CounterB_main,38,23.9619,0.630577,0.034822
CounterB_LOne,38,23.1754,0.60988,0.0443376
CounterB_LTwo,38,24.7484,0.651275,0.0480156
CounterC_main,26,16.241,0.624654,0.0214093
CounterC_LOne,26,15.8724,0.610475,0.0613416
CounterC_LTwo,26,16.6096,0.638832,0.0537336
CounterJ_main,41,25.5602,0.623419,0.0373285
CounterJ_LOne,41,24.9633,0.608861,0.0447461
CounterJ_LTwo,41,26.157,0.637977,0.0581063
CounterK_main,19,11.7796,0.619977,0.0207455
CounterK_LOne,19,11.1208,0.585305,0.0565712
CounterK_LTwo,19,12.4383,0.654649,0.0624438
Counter,124,72.7068,0.586345,0.0709961
Failed,76,39.1532,0.515174,0.0710458
CounterB_main,38,23.9415,0.630039,0.0364093
CounterB_LOne,38,23.1867,0.610176,0.0439641
CounterB_LTwo,38,24.6963,0.649903,0.0522421
CounterC_main,26,16.241,0.624654,0.0214093
CounterC_LOne,26,15.8724,0.610475,0.0613416
CounterC_LTwo,26,16.6096,0.638832,0.0537336
CounterJ_main,41,25.555,0.623293,0.0378004
CounterJ_LOne,41,25.0102,0.610005,0.0424383
CounterJ_LTwo,41,26.0999,0.636582,0.0625914
CounterK_main,19,11.7796,0.619977,0.0207455
CounterK_LOne,19,11.1208,0.585305,0.0565712
CounterK_LTwo,19,12.4383,0.654649,0.0624438
Counter,122,71.7768,0.588335,0.0672463
Failed,78,40.0661,0.513668,0.0707398
CounterB_main,38,23.9415,0.630039,0.0364093
CounterB_LOne,38,23.1867,0.610176,0.0439641
CounterB_LTwo,38,24.6963,0.649903,0.0522421
CounterC_main,26,16.241,0.624654,0.0214093
CounterC_LOne,26,15.8724,0.610475,0.0613416
CounterC_LTwo,26,16.6096,0.638832,0.0537336
CounterJ_main,41,25.5922,0.624201,0.0346693
CounterJ_LOne,41,25.0846,0.61182,0.0412534
CounterJ_LTwo,41,26.0999,0.636582,0.0625914
CounterK_main,19,11.7796,0.619977,0.0207455
CounterK_LOne,19,11.1208,0.585305,0.0565712
CounterK_LTwo,19,12.4383,0.654649,0.0624438
Counter,121,70.6696,0.584046,0.0750016
Failed,79,40.6905,0.51507,0.0713807
CounterB_main,38,23.9415,0.630039,0.0364093
CounterB_LOne,38,23.1867,0.610176,0.0439641
CounterB_LTwo,38,24.6963,0.649903,0.0522421
CounterC_main,25,15.6183,0.624732,0.021847
CounterC_LOne,25,15.2126,0.608504,0.0617607
CounterC_LTwo,25,16.024,0.640959,0.053713
CounterJ_main,41,25.5646,0.623528,0.0354977
CounterJ_LOne,41,25.0225,0.610305,0.0430594
CounterJ_LTwo,41,26.1068,0.63675,0.0624944
CounterK_main,18,11.1536,0.619644,0.0197806
CounterK_LOne,18,10.5816,0.587867,0.0568733
CounterK_LTwo,18,11.7256,0.651422,0.0621448
Counter,121,70.9222,0.586134,0.0765802
Failed,79,40.6905,0.51507,0.0713807
CounterB_main,38,23.9906,0.631333,0.0338038
CounterB_LOne,38,23.2084,0.610749,0.0449482
CounterB_LTwo,38,24.7729,0.651917,0.0464353
CounterC_main,25,15.6183,0.624732,0.021847
CounterC_LOne,25,15.2126,0.608504,0.0617607
CounterC_LTwo,25,16.024,0.640959,0.053713
CounterJ_main,40,24.8231,0.620578,0.0436646
CounterJ_LOne,40,24.2274,0.605685,0.0563274
CounterJ_LTwo,40,25.4189,0.635471,0.0613401
CounterK_main,18,11.1536,0.619644,0.0197806
CounterK_LOne,18,10.5816,0.587867,0.0568733
CounterK_LTwo,18,11.7256,0.651422,0.0621448
Counter,121,71.4341,0.590365,0.0683189
Failed,79,40.6905,0.51507,0.0713807
CounterB_main,38,24.0474,0.632826,0.0308337
CounterB_LOne,38,23.2122,0.610847,0.0447738
CounterB_LTwo,38,24.8826,0.654805,0.0432749
CounterC_main,25,15.6183,0.624732,0.021847
CounterC_LOne,25,15.2126,0.608504,0.0617607
CounterC_LTwo,25,16.024,0.640959,0.053713
CounterJ_main,40,25.0256,0.625639,0.0325609
CounterJ_LOne,40,24.4425,0.611064,0.0435106
CounterJ_LTwo,40,25.6086,0.640214,0.0509366
CounterK_main,18,11.1536,0.619644,0.0197806
CounterK_LOne,18,10.5816,0.587867,0.0568733
CounterK_LTwo,18,11.7256,0.651422,0.0621448
Counter,121,71.4278,0.590312,0.0710009
Failed,79,40.6905,0.51507,0.0713807
CounterB_main,38,24.0474,0.632826,0.0308337
CounterB_LOne,38,23.2122,0.610847,0.0447738
CounterB_LTwo,38,24.8826,0.654805,0.0432749
CounterC_main,25,15.6183,0.624732,0.021847
CounterC_LOne,25,15.2126,0.608504,0.0617607
CounterC_LTwo,25,16.024,0.640959,0.053713
CounterJ_main,40,25.066,0.626649,0.0317174
CounterJ_LOne,40,24.5392,0.613481,0.04379
CounterJ_LTwo,40,25.5927,0.639817,0.0514626
CounterK_main,18,11.1536,0.619644,0.0197806
CounterK_LOne,18,10.5816,0.587867,0.0568733
CounterK_LTwo,18,11.7256,0.651422,0.0621448
Counter,121,70.8425,0.585475,0.0748797
Failed,79,40.6905,0.51507,0.0713807
CounterB_main,38,24.0474,0.632826,0.0308337
CounterB_LOne,38,23.2122,0.610847,0.0447738
CounterB_LTwo,38,24.8826,0.654805,0.0432749
CounterC_main,25,15.6266,0.625066,0.0216395
CounterC_LOne,25,15.2414,0.609658,0.0622806
CounterC_LTwo,25,16.0118,0.640473,0.0542079
CounterJ_main,40,25.066,0.626649,0.0317174
CounterJ_LOne,40,24.5392,0.613481,0.04379
CounterJ_LTwo,40,25.5927,0.639817,0.0514626
CounterK_main,18,11.1536,0.619644,0.0197806
CounterK_LOne,18,10.5816,0.587867,0.0568733
CounterK_LTwo,18,11.7256,0.651422,0.0621448
Counter,121,71.738,0.592876,0.0682462
Failed,79,40.6905,0.51507,0.0713807
CounterB_main,38,24.0474,0.632826,0.0308337
CounterB_LOne,38,23.2122,0.610847,0.0447738
CounterB_LTwo,38,24.8826,0.654805,0.0432749
CounterC_main,25,15.6266,0.625066,0.0216395
CounterC_LOne,25,15.2414,0.609658,0.0622806
CounterC_LTwo,25,16.0118,0.640473,0.0542079
CounterJ_main,40,25.074,0.626851,0.0314386
CounterJ_LOne,40,24.5056,0.612639,0.0441704
CounterJ_LTwo,40,25.6425,0.641062,0.0498037
CounterK_main,18,11.1536,0.619644,0.0197806
CounterK_LOne,18,10.5816,0.587867,0.0568733
CounterK_LTwo,18,11.7256,0.651422,0.0621448
Counter,121,71.2196,0.588592,0.0696648
Failed,79,40.6905,0.51507,0.0713807
CounterB_main,38,24.0474,0.632826,0.0308337
CounterB_LOne,38,23.2122,0.610847,0.0447738
CounterB_LTwo,38,24.8826,0.654805,0.0432749
CounterC_main,25,15.6266,0.625066,0.0216395
CounterC_LOne,25,15.2414,0.609658,0.0622806
CounterC_LTwo,25,16.0118,0.640473,0.0542079
CounterJ_main,40,25.074,0.626851,0.0314386
CounterJ_LOne,40,24.5056,0.612639,0.0441704
CounterJ_LTwo,40,25.6425,0.641062,0.0498037
CounterK_main,18,11.1541,0.619672,0.0198078
CounterK_LOne,18,10.5004,0.583355,0.0512336
CounterK_LTwo,18,11.8078,0.655989,0.0600035
Counter,120,70.6663,0.588886,0.0719839
Failed,80,41.3046,0.516308,0.0717869
CounterB_main,38,24.0474,0.632826,0.0308337
CounterB_LOne,38,23.2122,0.610847,0.0447738
CounterB_LTwo,38,24.8826,0.654805,0.0432749
CounterC_main,25,15.6266,0.625066,0.0216395
CounterC_LOne,25,15.2414,0.609658,0.0622806
CounterC_LTwo,25,16.0118,0.640473,0.0542079
CounterJ_main,40,25.0429,0.626072,0.0327784
CounterJ_LOne,40,24.5092,0.612729,0.0440994
CounterJ_LTwo,40,25.5766,0.639415,0.0522428
CounterK_main,18,11.1541,0.619672,0.0198078
CounterK_LOne,18,10.5004,0.583355,0.0512336
CounterK_LTwo,18,11.8078,0.655989,0.0600035
Counter,120,70.6684,0.588903,0.0699759
Failed,80,41.3046,0.516308,0.0717869
CounterB_main,38,24.0474,0.632826,0.0308337
CounterB_LOne,38,23.2122,0.610847,0.0447738
CounterB_LTwo,38,24.8826,0.654805,0.0432749
CounterC_main,25,15.6266,0.625066,0.0216395
CounterC_LOne,25,15.2414,0.609658,0.0622806
CounterC_LTwo,25,16.0118,0.640473,0.0542079
CounterJ_main,39,24.4287,0.626378,0.0331489
CounterJ_LOne,39,23.8901,0.612568,0.0446639
CounterJ_LTwo,39,24.9674,0.640189,0.052693
CounterK_main,18,11.1541,0.619672,0.0198078
CounterK_LOne,18,10.5004,0.583355,0.0512336
CounterK_LTwo,18,11.8078,0.655989,0.0600035
Counter,120,70.0899,0.584082,0.0750853
Failed,80,41.3046,0.516308,0.0717869
CounterB_main,38,24.0474,0.632826,0.0308337
CounterB_LOne,38,23.2122,0.610847,0.0447738
CounterB_LTwo,38,24.8826,0.654805,0.0432749
CounterC_main,25,15.6266,0.625066,0.0216395
CounterC_LOne,25,15.2414,0.609658,0.0622806
CounterC_LTwo,25,16.0118,0.640473,0.0542079
CounterJ_main,39,24.3667,0.624788,0.0377323
CounterJ_LOne,39,23.8897,0.612556,0.0446725
CounterJ_LTwo,39,24.8438,0.63702,0.0621362
CounterK_main,18,11.1541,0.619672,0.0198078
CounterK_LOne,18,10.5004,0.583355,0.0512336
CounterK_LTwo,18,11.8078,0.655989,0.0600035
Counter,120,70.6649,0.588874,0.0670602
Failed,80,41.3046,0.516308,0.0717869
CounterB_main,38,24.0557,0.633046,0.0308844
CounterB_LOne,38,23.1896,0.610254,0.0449262
CounterB_LTwo,38,24.9218,0.655838,0.0438855
CounterC_main,25,15.6266,0.625066,0.0216395
CounterC_LOne,25,15.2414,0.609658,0.0622806
CounterC_LTwo,25,16.0118,0.640473,0.0542079
CounterJ_main,39,24.2896,0.62281,0.0458596
CounterJ_LOne,39,23.7345,0.608577,0.0536571
CounterJ_LTwo,39,24.8447,0.637043,0.0620501
CounterK_main,18,11.1541,0.619672,0.0198078
CounterK_LOne,18,10.5004,0.583355,0.0512336
CounterK_LTwo,18,11.8078,0.655989,0.0600035
Counter,120,70.1009,0.584175,0.0787207
Failed,80,41.3046,0.516308,0.0717869
CounterB_main,38,24.0557,0.633046,0.0308844
CounterB_LOne,38,23.1896,0.610254,0.0449262
CounterB_LTwo,38,24.9218,0.655838,0.0438855
CounterC_main,25,15.6266,0.625066,0.0216395
CounterC_LOne,25,15.2414,0.609658,0.0622806
CounterC_LTwo,25,16.0118,0.640473,0.0542079
CounterJ_main,39,24.4322,0.626465,0.0329654
CounterJ_LOne,39,23.878,0.612255,0.0449362
CounterJ_LTwo,39,24.9863,0.640675,0.051762
CounterK_main,18,11.1541,0.619672,0.0198078
CounterK_LOne,18,10.5004,0.583355,0.0512336
CounterK_LTwo,18,11.8078,0.655989,0.0600035
Counter,120,70.847,0.590392,0.070794
Failed,80,41.3046,0.516308,0.0717869
CounterB_main,38,24.0557,0.633046,0.0308844
CounterB_LOne,38,23.1896,0.610254,0.0449262
CounterB_LTwo,38,24.9218,0.655838,0.0438855
CounterC_main,25,15.6425,0.625702,0.0203215
CounterC_LOne,25,15.2741,0.610966,0.0599349
CounterC_LTwo,25,16.0109,0.640437,0.0541928
CounterJ_main,39,24.4322,0.626465,0.0329654
CounterJ_LOne,39,23.878,0.612255,0.0449362
CounterJ_LTwo,39,24.9863,0.640675,0.051762
CounterK_main,18,11.1541,0.619672,0.0198078
CounterK_LOne,18,10.5004,0.583355,0.0512336
CounterK_LTwo,18,11.8078,0.655989,0.0600035
Counter,120,72.6339,0.605283,0.0541024
Failed,80,41.3046,0.516308,0.0717869
CounterB_main,38,24.0557,0.633046,0.0308844
CounterB_LOne,38,23.1896,0.610254,0.0449262
CounterB_LTwo,38,24.9218,0.655838,0.0438855
CounterC_main,25,15.6425,0.625702,0.0203215
CounterC_LOne,25,15.2741,0.610966,0.0599349
CounterC_LTwo,25,16.0109,0.640437,0.0541928
CounterJ_main,39,24.5331,0.629054,0.0315786
CounterJ_LOne,39,23.9259,0.613484,0.0443528
CounterJ_LTwo,39,25.1403,0.644624,0.0507316
CounterK_main,18,11.1541,0.619672,0.0198078
CounterK_LOne,18,10.5004,0.583355,0.0512336
CounterK_LTwo,18,11.8078,0.655989,0.0600035
Counter,120,70.0725,0.583937,0.0780774
Failed,80,41.3046,0.516308,0.0717869
CounterB_main,38,24.0557,0.633046,0.0308844
CounterB_LOne,38,23.1896,0.610254,0.0449262
CounterB_LTwo,38,24.9218,0.655838,0.0438855
CounterC_main,25,15.6581,0.626325,0.0202536
CounterC_LOne,25,15.2487,0.609948,0.0594525
CounterC_LTwo,25,16.0676,0.642702,0.0528082
CounterJ_main,39,24.5331,0.629054,0.0315786
CounterJ_LOne,39,23.9259,0.613484,0.0443528
CounterJ_LTwo,39,25.1403,0.644624,0.0507316
CounterK_main,18,11.1558,0.619766,0.0199078
CounterK_LOne,18,10.4577,0.580981,0.0510335
CounterK_LTwo,18,11.8539,0.658551,0.0616018
Counter,120,70.5776,0.588146,0.0738149
Failed,80,41.3046,0.516308,0.0717869
CounterB_main,38,24.0487,0.632861,0.0308378
CounterB_LOne,38,23.1596,0.609463,0.0455868
CounterB_LTwo,38,24.9379,0.656259,0.0443955
CounterC_main,25,15.6581,0.626325,0.0202536
CounterC_LOne,25,15.2487,0.609948,0.0594525
CounterC_LTwo,25,16.0676,0.642702,0.0528082
CounterJ_main,39,24.5331,0.629054,0.0315786
CounterJ_LOne,39,23.9259,0.613484,0.0443528
CounterJ_LTwo,39,25.1403,0.644624,0.0507316
CounterK_main,18,11.1558,0.619766,0.0199078
CounterK_LOne,18,10.4577,0.580981,0.0510335
CounterK_LTwo,18,11.8539,0.658551,0.0616018
Counter,120,70.9271,0.591059,0.0709303
Failed,80,41.3046,0.516308,0.0717869
CounterB_main,38,24.0487,0.632861,0.0308378
CounterB_LOne,38,23.1596,0.609463,0.0455868
CounterB_LTwo,38,24.9379,0.656259,0.0443955
CounterC_main,25,15.6581,0.626325,0.0202536
CounterC_LOne,25,15.2487,0.609948,0.0594525
CounterC_LTwo,25,16.0676,0.642702,0.0528082
CounterJ_main,39,24.5331,0.629054,0.0315786
CounterJ_LOne,39,23.9259,0.613484,0.0443528
CounterJ_LTwo,39,25.1403,0.644624,0.0507316
CounterK_main,18,11.1558,0.619766,0.0199078
CounterK_LOne,18,10.4577,0.580981,0.0510335
CounterK_LTwo,18,11.8539,0.658551,0.0616018
Counter,118,69.2262,0.586662,0.0755541
Failed,82,42.5234,0.518578,0.0724726
CounterB_main,38,24.0314,0.632405,0.0309024
CounterB_LOne,38,23.1483,0.609166,0.0459658
CounterB_LTwo,38,24.9145,0.655644,0.043701
CounterC_main,25,15.6581,0.626325,0.0202536
CounterC_LOne,25,15.2487,0.609948,0.0594525
CounterC_LTwo,25,16.0676,0.642702,0.0528082
CounterJ_main,39,24.5331,0.629054,0.0315786
CounterJ_LOne,39,23.9259,0.613484,0.0443528
CounterJ_LTwo,39,25.1403,0.644624,0.0507316
CounterK_main,18,11.1558,0.619766,0.0199078
CounterK_LOne,18,10.4577,0.580981,0.0510335
CounterK_LTwo,18,11.8539,0.658551,0.0616018
Counter,117,69.4253,0.593379,0.0674047
Failed,83,43.0834,0.519077,0.0721729
CounterB_main,37,23.3954,0.632308,0.0313228
CounterB_LOne,37,22.5545,0.609581,0.0465276
CounterB_LTwo,37,24.2363,0.655035,0.0441401
CounterC_main,25,15.6715,0.626858,0.0206927
CounterC_LOne,25,15.2449,0.609796,0.0593262
CounterC_LTwo,25,16.098,0.643921,0.052449
CounterJ_main,38,23.9503,0.630272,0.0310601
CounterJ_LOne,38,23.3493,0.614455,0.0445255
CounterJ_LTwo,38,24.5514,0.646088,0.0505701
CounterK_main,18,11.1558,0.619766,0.0199078
CounterK_LOne,18,10.4577,0.580981,0.0510335
CounterK_LTwo,18,11.8539,0.658551,0.0616018
Counter,117,69.3815,0.593004,0.0697111
Failed,83,43.0834,0.519077,0.0721729
CounterB_main,37,23.4184,0.63293,0.0312941
CounterB_LOne,37,22.6005,0.610825,0.0454029
CounterB_LTwo,37,24.2363,0.655035,0.0441401
CounterC_main,24,15.0287,0.626198,0.0208668
CounterC_LOne,24,14.6521,0.610506,0.0604935
CounterC_LTwo,24,15.4053,0.64189,0.052563
CounterJ_main,38,23.9503,0.630272,0.0310601
CounterJ_LOne,38,23.3493,0.614455,0.0445255
CounterJ_LTwo,38,24.5514,0.646088,0.0505701
CounterK_main,18,11.1558,0.619766,0.0199078
CounterK_LOne,18,10.4577,0.580981,0.0510335
CounterK_LTwo,18,11.8539,0.658551,0.0616018
Counter,117,69.0503,0.590173,0.071984
Failed,83,43.0834,0.519077,0.0721729
CounterB_main,37,23.4184,0.63293,0.0312941
CounterB_LOne,37,22.6005,0.610825,0.0454029
CounterB_LTwo,37,24.2363,0.655035,0.0441401
CounterC_main,24,15.071,0.627959,0.0208354
CounterC_LOne,24,14.6992,0.612467,0.0616663
CounterC_LTwo,24,15.4428,0.64345,0.0514447
CounterJ_main,38,23.9503,0.630272,0.0310601
CounterJ_LOne,38,23.3493,0.614455,0.0445255
CounterJ_LTwo,38,24.5514,0.646088,0.0505701
CounterK_main,18,11.1558,0.619766,0.0199078
CounterK_LOne,18,10.4577,0.580981,0.0510335
CounterK_LTwo,18,11.8539,0.658551,0.0616018
